{"total_requests": 10, "cache_hits": 0, "cache_misses": 3, "not_found": 0, "hit_rate": 0.0, "total_time_seconds": 0.02777409553527832, "average_time_per_request": 0.002777409553527832}