{"total_requests": 1000, "cache_hits": 573, "cache_misses": 427, "not_found": 0, "hit_rate": 57.3, "total_time_seconds": 1929.664984, "requests_per_second": 0.5182246702363337}