{"total_requests": 50000, "cache_hits": 0, "cache_misses": 50000, "not_found": 0, "hit_rate": 0.0, "total_time_seconds": 138.14018869400024, "average_time_per_request": 0.002762803773880005}